الرقم,الإسم
1,هشام بنساڭة
2,عبد السلام الزكاري
3,محمد بنحدو
4,عزيز بالهادي
5,عبد السلام أزيار
6,diyalo abdolah
7,عبد الراضي البدوي
8,بنعيسى حيدا
9,خالد بغال
10,بوعرفة أيوبي
11,عبد الكبير مكاوي
12,أيوب مكاوي
13,عبد الحكيم حيدة
14,باها بن لحسن
15,حميد الحديوي
16,زايد العبدلي
17,عبد القادر بنحدو
18,مصطفى يماني
19,محمد بوصحابة
20,رضوان بنعامر
21,صالح زروال
22,بنعيسى راجع
23,العيد عربات
24,العيد قادري
25,محمد زروال
26,عمر مهدي
27,عبدالله طهراوي
28,جمال بنزكور تام
29,محمد بن موحا
30,نور الدين بغدادي
31,ميمون البدوي
32,عبد القادر مداح
33,عبد الكريم الناصري
34,أحمد خرباش
35,عبد القادر امغايتي
36,مصطفى الجايحي
37,محمد عفيف
38,ادريس بنسرغين
39,aboubakr bady
40,mamado dombiya
41,abdolah diyalo
42,بشير السوسي
43,مصطفى الرفيا
44,محمد مشكاكور
45,محمد بويقشار
46,الهادي قدري
47,إبراهيم بوقوايل
48,عبدالرحمن مورابطي
49,إسماعيل البضعايتي
50,امحمد سعيد
51,رمضان شريف
52,حسني اجاكا
53,بوطيب البدوي
54,عبيد بغدادي
55,محمد بوطيب
56,khadim nadyai
57,احمد الطاهري
58,ibrima bayi
59,عبد الكريم بوحوت
60,عبدالحفيظ المحاسني
61,حميد كطاف
62,حمدون شريف بداوي
63,يوسف عكيدة ديب
64,محمد احجوجو
65,danva mamadi
66,حسن فرارشي
67,عبد العالي بن الشيخ
68,مجيد البغدادي
69,عبدالرحمان بنو
70,صالح موحموح
71,سلام الستي
72,محمد عزماني
73,حميد الزكيمي
74,انعام الله
75,عبد الرحيم بداوي
76,جمال الهوش
77,محمد ماني
78,محمد بدوي الماحي
79,محمد احمدوش
80,احمد بنخيي
81,الميلود قاسمي
82,احمد بنصالح
83,علي المسعودي
84,youssof camara
85,عبد المجيد بنزاكور
86,عبد القادر جبور
87,يقيني امين
88,محسن كعبوشي
89,احمد بدوي
90,نور الدين انكيك
91,سعيد بومزوغ
92,أنور العطار
93,عبد المجيد البدوي
94,محمد بداوي(الميلود)
95,أيوب مصباح
96,مصطفى السحلي
97,عمر كروم
98,الحاج حسين
99,زريوح فاضمة
100,صالح اوريش
101,سعيد المرضي
102,البداوي المختار
103,محمد تدلاوي
104,فريد نصيري
105,يماني حماد
106,سعيد الماموني
107,مصطفى القداوي
108,البشير الشلالي
109,محمد حسون
110,رمضان عطيية
111,ميلود بزيتون
112,يوسف الشذوتي
113,كمال شكري
114,يوسف السطال
115,سعيد رحو
116,صلاح منصوري
117,عمر القدوري
118,رشيد بنعيسى
119,جبور علي
120,بلحاج منصوري
121,كمال الجطاري
122,منير الختري
123,جواد امراوي
124,سعيد لمرابطي
125,SEYDI KAOUSSOU
126,نور الدين بدوي
127,SULAYMAN JATTA
128,حماد البدوي
129,فيصل برتاتان
130,CAMARA SAMSIDEEN
131,ابوبكر بنعيسى
132,الحسن عطية اليماني
133,جواد باشا
134,يوسف فاتح
135,محمد عطية
136,احمد البداوي خ سعيد
137,بن يوسف ابراهيم
138,عبد الغاني بهلول
139,عبد المجيد هناوي
140,محمدي المرابطي
141,حسن الشليح
142,عزيز بنحدو